System,Domain,Task,Parameters,Training compute (FLOP),Training dataset size (datapoints),Training time (hours),Training hardware,Hardware quantity,Training power (Watts),Training energy (kWh),Carbon Emissions from training (lb)
Firefly Video,Video,Video generation,,,,,,,330000000000000.0,,
Meta Movie Gen Video,Video,Video generation,30000000000.0,1.65e+24,26600000000.0,331.0,NVIDIA H100 SXM5 80GB,6144.0,28000000000000.0,9268000000000.0,7970480000000.0
Meta Movie Gen Audio,Audio,Audio generation,13000000000.0,1.4e+23,,360.0,NVIDIA H100 SXM5 80GB,384.0,34700000000000.0,12480480000000.0,10733212800000.0
Llama 3.2 3B,Language,"Language modelling/generation,Quantitative reasoning,Question answering,Text summarization
,Translation",3210000000.0,1.73e+23,9000000000000.0,,NVIDIA H100 SXM5 80GB,,1600000000000000.0,,
Qwen2.5-72B,Language,Language modelling/generation,72700000000.0,7.8e+24,18000000000000.0,,,,121000000000000.0,,
Qwen2-VL-72B,"Language,Multimodal,Vision","Character recognition,Language modelling/generation,Quantitative reasoning,Question answering,Translation,Video description,Visual question answering",72000000000.0,6.05e+23,1400000000000.0,,,,50200000000000.0,,
Qwen2.5-Coder (7B),Language,"Code autocompletion,Code generation,Language modelling/generation,Quantitative reasoning,Question answering",7610000000.0,2.51e+23,5500000000000.0,,,,,,
o1-mini,Language,"Chat,Code generation,Language modelling/generation,Quantitative reasoning,Question answering,Translation",,,,,,,,,
o1-preview,"Biology,Language,Mathematics","Chat,Code generation,Language modelling/generation,Quantitative reasoning,Question answering,Translation",,,,,,,358000000000000.0,,
DeepSeek-V2.5,Language,"Chat,Code generation,Language modelling/generation",236000000000.0,1.79e+24,,,,,88600000000000.0,,
Pharia-1-LLM-7B,Language,"Language modelling/generation,Question answering,Translation",7041544704.0,4.43e+23,7700000000000.0,,"NVIDIA A100 SXM4 80 GB,NVIDIA H100 SXM5 80GB",256.0,80000000000000.0,,
EXAONE 3.0,Language,"Code generation,Language modelling/generation,Question answering",7820000000.0,4e+23,8000000000000.0,,NVIDIA H100 SXM5 80GB,,90300000000000.0,,
AFM-on-device,Language,Language modelling/generation,2730000000.0,4.51e+23,7588000000000.0,,Google TPU v5p,2048.0,,,
AFM-server,Language,Language modelling/generation,,,7400000000000.0,,Google TPU v4,8192.0,4260000000000000.0,,
Mistral Large 2,Language,"Code generation,Language modelling/generation,Translation",123000000000.0,2.13e+25,,,,,7600000000000000.0,,
Llama 3.1-405B,Language,Language modelling/generation,405000000000.0,3.7999999999999996e+25,15600000000000.0,2142.0,NVIDIA H100 SXM5 80GB,16384.0,,,
Llama 3.1-70B,Language,Language modelling/generation,70000000000.0,,,,,,,,
Llama 3.1-8B,Language,Language modelling/generation,8000000000.0,,,,,,,,
GPT-4o mini,"Language,Multimodal,Vision","Chat,Code generation,Language modelling/generation,Visual question answering",,,,,,,214000000000000.0,,
ESM3 (98B),Biology,Protein generation,98500000000.0,1.07e+24,771000000000.0,,,,86400000000000.0,,
Gemma 2 9B,Language,"Chat,Language modelling/generation",9000000000.0,4.32e+23,8000000000000.0,,Google TPU v4,4096.0,421000000000000.0,,
Gemma 2 27B,Language,"Chat,Language modelling/generation",27000000000.0,2.11e+24,13000000000000.0,,Google TPU v5p,6144.0,110000000000000.0,,
GLM-4V-9B,"Language,Multimodal,Vision","Code generation,Language modelling/generation,Question answering,Translation,Visual question answering",9000000000.0,5.4e+23,10000000000000.0,,,,257000000000000.0,,
DeepSeek-Coder-V2 236B,Language,"Code autocompletion,Code generation",236000000000.0,1.29e+24,3191000000000.0,,,,3600000000000000.0,,
Nemotron-4 340B,Language,"Chat,Language modelling/generation",340000000000.0,1.7999999999999999e+25,6750000000000.0,2200.0,NVIDIA H100 SXM5 80GB,,36400000000000.0,80018400000000.0,68815824000000.0
Mamba2-Hybrid,Language,"Language modelling/generation,Question answering",8660000000.0,1.82e+23,3500000000000.0,,NVIDIA H100 SXM5 80GB,1024.0,604000000000000.0,,
Qwen2-72B,Language,"Chat,Language modelling/generation",72710000000.0,3.02e+24,7000000000000.0,,,,,,
Codestral,Language,"Code autocompletion,Code generation",22200000000.0,,,,,,329000000000000.0,,
Chameleon-34B,"Image generation,Language,Multimodal,Vision","Language modelling/generation,Text-to-image,Vision-language generation,Visual question answering",34000000000.0,1.65e+24,4400000000000.0,1394.0,NVIDIA A100 SXM4 80 GB,3072.0,66800000000000.0,93118365278376.0,80081794139403.0
Chameleon-7B,"Image generation,Language,Multimodal,Vision","Language modelling/generation,Text-to-image,Vision-language generation,Visual question answering",7000000000.0,3.34e+23,4400000000000.0,836.4,NVIDIA A100 SXM4 80 GB,,360000000000000.0,301104000000000.0,258949440000000.0
Yi-Large,Language,"Chat,Language modelling/generation",100000000000.0,1.8e+24,3000000000000.0,,,,,,
GPT-4o,"Audio,Language,Multimodal,Speech,Vision","Audio generation,Chat,Image generation,Language modelling/generation,Question answering,Speech recognition,Table tasks,Vision-language generation",,,,,,,72000000000000.0,,
Falcon 2 11B,Language,Language modelling/generation,11000000000.0,3.6e+23,5500000000000.0,1400.0,NVIDIA A100 SXM4 40 GB,,204000000000000.0,285600000000000.0,245616000000000.0
DeepSeek-V2,Language,"Chat,Code generation,Language modelling/generation",236000000000.0,1.02e+24,8100000000000.0,,NVIDIA H800,,76800000000000.0,,
Multi-Token Prediction 7B,Language,Code generation,6700000000.0,3.84e+23,250000000000.0,,"NVIDIA A100 SXM4 80 GB,NVIDIA H100 SXM5 80GB",,30700000000000.0,,
Multi-Token Prediction 13B,Language,Code generation,13000000000.0,1.54e+23,209700000000.0,,"NVIDIA A100 SXM4 80 GB,NVIDIA H100 SXM5 80GB",,,,
Qwen 1.5 110B,Language,"Chat,Language modelling/generation",110000000000.0,,,,,,80600000000000.0,,
phi-3-medium 14B,Language,"Chat,Language modelling/generation",14000000000.0,4.03e+23,4800000000000.0,,,,,,
SenseNova 5.0,Language,"Chat,Language modelling/generation",,,1670000000000.0,,,,42600000000000.0,,
phi-3-small 7.4B,Language,"Chat,Language modelling/generation",7400000000.0,2.13e+23,4800000000000.0,,,,1260000000000000.0,,
Llama 3-70B,Language,"Chat,Code generation,Language modelling/generation",70000000000.0,6.3e+24,15000000000000.0,,NVIDIA H100 SXM5 80GB,,140000000000000.0,,
Llama 3-8B,Language,"Chat,Code generation,Language modelling/generation",8000000000.0,7.2e+23,15000000000000.0,,NVIDIA H100 SXM5 80GB,,1680000000000000.0,,
Reka Core,"Language,Multimodal,Vision","Chat,Code autocompletion,Code generation,Image captioning,Language modelling/generation",67000000000.0,8.4e+24,,,"NVIDIA A100,NVIDIA H100 SXM5 80GB",,130000000000000.0,,
Reka Flash,"Language,Multimodal,Vision","Chat,Code autocompletion,Code generation,Image captioning,Language modelling/generation",21000000000.0,6.3e+23,5000000000000.0,,"NVIDIA A100,NVIDIA H100 SXM5 80GB",,58200000000000.0,,
Stable LM 2 12B,Language,"Language modelling/generation,Translation",12143605760.0,2.91e+23,2000000000000.0,,NVIDIA H100 SXM5 80GB,,,,
Command R+,Language,"Code autocompletion,Language generation,Language modelling/generation,Translation",104000000000.0,,,,,,51500000000000.0,,
Viking,Language,"Language generation,Language modelling/generation,Translation",33000000000.0,2.57e+23,2000000000000.0,,AMD Instinct MI250X,1024.0,,,
Grok-1.5,Language,"Chat,Language modelling",,,,,,,,,
Grok-1.5V,"Language,Multimodal,Vision","Chat,Code autocompletion,Code generation,Image captioning,Language modelling,Visual question answering",,,,,,,,,
YandexGPT 3,Language,"Chat,Language modelling/generation,Question answering,Table tasks,Text summarization
",,,,,,,520000000000000.0,,
DBRX,Language,"Chat,Code generation",132000000000.0,2.6e+24,9000000000000.0,,NVIDIA H100 SXM5 80GB,,97200000000000.0,,
MM1-30B,"Language,Multimodal,Vision","Chat,Image captioning",30000000000.0,4.86e+23,1500000000000.0,,,,2000000000000000.0,,
Inflection-2.5,Language,Chat,,9.999999999999999e+24,,,NVIDIA H100 SXM5 80GB,,,,
Claude 3 Haiku,"Language,Multimodal,Vision","Chat,Code generation,Image captioning,Language modelling/generation",,,,,,,,,
Claude 3 Sonnet,"Language,Multimodal,Vision","Chat,Code generation,Image captioning,Language modelling/generation",,,,,,,,,
Claude 3 Opus,"Language,Multimodal,Vision","Chat,Code generation,Image captioning,Language modelling/generation",,,,,,,77400000000000.0,,
StarCoder 2 15B,Language,"Code autocompletion,Code generation",15000000000.0,3.87e+23,913230000000.0,,,,31000000000000.0,,
StarCoder 2 7B,Language,"Code autocompletion,Code generation",7000000000.0,1.55e+23,658580000000.0,,NVIDIA H100 SXM5 80GB,,2240000000000000.0,,
Mistral Large,Language,Chat,,1.1199999999999999e+25,,2500.0,NVIDIA H100 PCIe,,61500000000000.0,153720000000000.0,132199200000000.0
Gemma 1.1 7B Instruct,Language,"Language modelling/generation,Question answering",8540000000.0,3.07e+23,6000000000000.0,,Google TPU v5e,,54800000000000.0,,
MegaScale (175B),Language,Language modelling/generation,175000000000.0,2.74e+23,225000000000.0,42.0,NVIDIA A100,12288.0,194000000000000.0,8140440000000.0,7000778400000.0
MegaScale (530B),Language,Language modelling/generation,530000000000.0,9.69e+23,300000000000.0,117.9,NVIDIA A100,11200.0,2400000000000000.0,282960000000000.0,243345600000000.0
MegaScale (Production),Language,Language modelling/generation,530000000000.0,1.2e+25,,504.0,NVIDIA A100,12288.0,61400000000000.0,30945600000000.0,26613216000000.0
Gemma 7B,Language,"Chat,Language modelling/generation",8538074112.0,3.07e+23,6000000000000.0,,Google TPU v5e,4096.0,,,
Sora,Video,Video generation,,,,,,,,,
Gemini 1.5 Pro,"Language,Multimodal","Language modelling,Visual question answering",,,,,,,260000000000000.0,,
Qwen1.5 72B,Language,"Chat,Language modelling/generation",72000000000.0,1.3e+24,,,,,20700000000000.0,,
OLMo-7B,Language,"Chat,Language modelling/generation",7000000000.0,1.03e+23,2000000000000.0,,"AMD Instinct MI250X,NVIDIA A100",,,,
Qwen-VL-Max,"Language,Multimodal,Vision","Chat,Face recognition,Image captioning,Visual question answering",7000000000.0,,,,,,,,
Fuyu-Heavy,"Language,Multimodal",Chat,100000000000.0,,,,,,2400000000000000.0,,
GLM-4 (0116),Language,"Code generation,Language modelling/generation,Quantitative reasoning,Question answering,Translation",,1.2e+25,10000000000000.0,,,,,,
GLM-4 All Tools,"Image generation,Language,Multimodal","Code generation,Image generation,Language modelling/generation,Question answering,Text-to-image",,,10000000000000.0,,,,62400000000000.0,,
InternLM2-20B,Language,"Chat,Language modelling/generation",20000000000.0,3.12e+23,2600000000000.0,,,,161000000000000.0,,
DeepSeek LLM 67B,Language,Chat,67000000000.0,8.04e+23,2000000000000.0,,,,,,
Gemini Nano-2,"Audio,Language,Multimodal,Vision","Audio speech recognition,Chat,Image captioning",3250000000.0,,,,Google TPU v5e,,,,
Lyra-Fr 10B,Language,"Language modelling/generation,Question answering,Semantic search,Sentiment classification,Text classification,Text summarization
",10000000000.0,,,,,,34400000000000.0,,
Konan LLM 41B,"Language,Vision",Language modelling/generation,41000000000.0,1.72e+23,700000000000.0,,,,41000000000000.0,,
Poro34B,Language,"Code generation,Language modelling/generation",34200000000.0,2.05e+23,1000000000000.0,,AMD Instinct MI250X,512.0,,,
Mixtral 8x7B,Language,"Language modelling/generation,Quantitative reasoning,Question answering,Translation",46700000000.0,,,,,,,,
Mistral Medium,Language,Chat,,,,,,,250000000000000.0,,
XVERSE-65B-2,Language,"Chat,Language modelling/generation",65000000000.0,1.25e+24,3200000000000.0,4096.0,,,1e+16,4.096e+16,3.52256e+16
Gemini 1.0 Ultra,"Language,Multimodal,Vision","Chat,Language modelling,Translation,Visual question answering",,4.999999999999999e+25,,2400.0,Google TPU v4,57000.0,,,
Gemini 1.0 Pro,"Language,Multimodal,Vision","Chat,Language modelling,Translation,Visual question answering",,,,,Google TPU v4,,,,
tsuzumi 7B,Language,"Chat,Language modelling/generation",7000000000.0,,,,,,260000000000000.0,,
Qwen-72B,Language,"Chat,Code generation",72000000000.0,1.3e+24,3000000000000.0,,,,48800000000000.0,,
Granite 13B,Language,"Chat,Language modelling/generation,Question answering,Text summarization
",13000000000.0,2.44e+23,2500000000000.0,2208.0,NVIDIA A100,,35600000000000.0,78604800000000.0,67600128000000.0
Yuan 2.0,Language,"Code generation,Language modelling/generation,Translation",102600000000.0,1.78e+23,288000000000.0,,,,2000000000000000.0,,
Inflection-2,Language,"Chat,Language modelling,Language modelling/generation,Question answering",,9.999999999999999e+24,,,NVIDIA H100 SXM5 80GB,5000.0,,,
Lyria,Audio,Audio generation,,,,,,,36000000000000.0,,
Nemotron-3-8B,Language,"Chat,Code generation,Language generation,Language modelling/generation,Translation",8000000000.0,1.8e+23,3800000000000.0,456.0,NVIDIA A100,1024.0,,,
Samsung Gauss Language,Language,"Language modelling/generation,Question answering,Text summarization
,Translation",,,,,,,,,
Samsung Gauss Code,Language,Code generation,,,,,,,,,
Samsung Gauss Image,Image generation,Image generation,,,,,,,,,
XVERSE-13B-2,Language,"Language generation,Language modelling/generation,Question answering,Text summarization
,Translation",13000000000.0,,3200000000000.0,,,,54000000000000.0,,
Whisper v3,Speech,"Audio speech recognition,Speech recognition",1550000000.0,2.7e+23,60000000000.0,,,,,,
GPT-4 Turbo,"Image generation,Language,Multimodal,Vision","Chat,Image captioning,Image generation,Language modelling/generation,Speech synthesis,Table tasks,Visual question answering",,,,,,,580000000000000.0,,
Grok-1,Language,"Chat,Language modelling",314000000000.0,2.9e+24,6200000000000.0,,,,,,
Grok-0,Language,"Chat,Language modelling/generation",33000000000.0,,,,,,79200000000000.0,,
DeepSeek Coder 33B,Language,Code generation,33000000000.0,3.96e+23,2000000000000.0,,,,120000000000000.0,,
Yi-34B,Language,"Chat,Code generation,Language modelling/generation,Translation",34000000000.0,6.1e+23,3100000000000.0,,,,,,
Cohere Embed,Language,Semantic embedding,,,,,,,84000000000000.0,,
BlueLM 70B,Language,"Chat,Language modelling/generation,Question answering",70000000000.0,4.2e+23,,,,,160000000000000.0,,
BlueLM 130B,Language,"Chat,Language modelling/generation,Question answering",130000000000.0,7.8e+23,,,,,210000000000000.0,,
BlueLM 175B,Language,"Chat,Language modelling/generation,Question answering",175000000000.0,1.05e+24,,,,,48000000000000.0,,
Nanbeige-16B,Language,"Chat,Code generation,Language modelling/generation,Question answering",16000000000.0,2.4e+23,2500000000000.0,,,,,,
LingoWhale-8B,Language,"Code generation,Language modelling/generation,Translation",8000000000.0,,,,,,21800000000000.0,,
BlueLM 7B,Language,"Chat,Code generation,Language modelling/generation,Question answering,Translation",7000000000.0,1.09e+23,2592000000000.0,,,,,,
Tongyi Qianwen 2.0,Language,"Chat,Language modelling/generation",,,,,,,240000000000000.0,,
Mi:dm 200B,Language,Language modelling/generation,200000000000.0,1.2e+24,1000000000000.0,,,,50000000000000.0,,
Skywork-13B,Language,"Language modelling,Language modelling/generation,Translation",13000000000.0,2.5e+23,3180000000000.0,940.0,NVIDIA A800,512.0,,,
Xinghan Foundation Model,"Language,Multimodal,Video,Vision","Language modelling/generation,Video description,Visual question answering",,,,,,,,,
Spark 3.0,Language,"Code generation,Language generation,Language modelling/generation,Question answering",,,1200000000000.0,,,,,,
DALL·E 3,Image generation,Image generation,,,,,,,,,
ERNIE 4.0,"Image generation,Language,Multimodal,Video","Chat,Image generation,Language modelling/generation,Video generation",,,,,,,,,
Fuyu-8B,"Language,Multimodal,Vision","Chat,Image captioning,Image classification,Visual question answering",8000000000.0,,,,,,,,
Aquila2 34B,Language,"Chat,Language modelling/generation",34000000000.0,,2000000000000.0,,,,,,
Jiutian,Language,Language modelling/generation,,,2000000000000.0,,,,,,
Mistral 7B,Language,"Code generation,Language generation",7000000000.0,,,,,,61800000000000.0,,
CodeFuse-13B,Language,Code generation,13000000000.0,3.09e+23,1000000000000.0,960.0,NVIDIA A100 SXM4 80 GB,512.0,50000000000000.0,48000000000000.0,41280000000000.0
Qwen-14B,Language,Language modelling/generation,14000000000.0,2.5e+23,3000000000000.0,,,,960000000000000.0,,
Amazon Titan,"Image generation,Language","Chat,Code generation,Image generation,Language modelling/generation,Semantic search,Text-to-image,Translation",200000000000.0,4.8e+24,4000000000000.0,1152.0,NVIDIA A100,13760.0,20200000000000.0,23270400000000.0,20012544000000.0
Qwen-7B,Language,"Language modelling/generation,Translation",7000000000.0,1.01e+23,2400000000000.0,,,,23400000000000.0,,
PLaMo-13B,Language,"Chat,Language modelling/generation,Question answering",13000000000.0,1.17e+23,1500000000000.0,720.0,NVIDIA A100 SXM4 40 GB,480.0,,,
Show-1,Video,Video generation,,,10700000.0,,NVIDIA A100,,,,
GPT-4V,"Language,Multimodal,Vision","Language modelling,Visual question answering",,,,,,,752000000000000.0,,
Falcon-180B,Language,Language modelling,180000000000.0,3.76e+24,2625000000000.0,4320.0,NVIDIA A100 SXM4 40 GB,4096.0,40600000000000.0,175392000000000.0,150837120000000.0
Baichuan2-13B,Language,Chat,13000000000.0,2.03e+23,2275000000000.0,,,,,,
360 Smart Brain,"Image generation,Language,Multimodal","Chat,Image generation,Language generation",,,1000000000000.0,,,,,,
ABAB,Language,Language generation,,,,,,,,,
MathGPT,Language,Quantitative reasoning,,,,,,,,,
HyperCLOVA X,Language,"Chat,Code generation,Language modelling/generation,Quantitative reasoning,Question answering,Search,Translation",,,,,,,23200000000000.0,,
IDEFICS-80B,"Language,Multimodal,Vision","Image captioning,Language modelling",80000000000.0,1.16e+23,,,,,,,
Dou Bao,Language,Chat,,,,,,,,,
KwaiYii,Language,Chat,13000000000.0,,,,,,25000000000000.0,,
VARCO LLM 2.0 base,Language,"Chat,Language modelling/generation,Question answering,Translation",13000000000.0,1.25e+23,1600000000000.0,,,,,,
Baichuan2-53B,Language,"Chat,Language modelling/generation",53000000000.0,,,,,,,,
Claude Instant,Language,"Chat,Language modelling",,,,,,,,,
CALM,Robotics,Animal (human/non-human) imitation,,,,,NVIDIA A100,,,,
Zi Yue,Language,Chat,,,,,,,,,
Zi Yue 2.0,Language,Chat,,,,,,,,,
EXAONE 2.0,"Biology,Image generation,Language,Multimodal,Vision","Image generation,Language modelling,Visual question answering",300000000000.0,,,,,,160000000000000.0,,
Llama 2-70B,Language,Language modelling,70000000000.0,8.1e+23,1500000000000.0,1728.0,NVIDIA A100 SXM4 80 GB,1000.0,81600000000000.0,141004800000000.0,121264128000000.0
Llama 2-34B,Language,Language modelling,34000000000.0,4.08e+23,,,NVIDIA A100 SXM4 80 GB,,32000000000000.0,,
Llama 2-13B,Language,Language modelling,13000000000.0,1.6e+23,1500000000000.0,,NVIDIA A100 SXM4 80 GB,,,,
ChatRhino,Language,Chat,100000000000.0,,,,,,773000000000000.0,,
Claude 2,Language,"Chat,Language modelling",,3.87e+24,,,,,,,
TeleChat,Language,Chat,,,,,,,,,
Pangu 3.0,"Image generation,Language,Multimodal,Vision","Image generation,Language modelling/generation",100000000000.0,,,,,,,,
InternLM,Language,Language modelling,100000000000.0,,750000000000.0,,NVIDIA A100 SXM4 80 GB,,120000000000000.0,,
xTrimoPGLM -100B,Biology,"Protein or nucleotide language model (pLM/nLM),Proteins",100000000000.0,6.2e+23,,3912.0,NVIDIA A100 SXM4 40 GB,768.0,,,
NEC LLM 13B,Language,"Chat,Language modelling/generation",13000000000.0,,,,,512.0,,,
Stable Diffusion XL,Image generation,"Image generation,Text-to-image",3400000000.0,,,,,,,,
ERNIE 3.5,Language,"Language modelling,Language modelling/generation",,,,,,,200000000000000.0,,
Inflection-1,Language,Language modelling,,1e+24,,,NVIDIA H100 SXM5 80GB,,37800000000000.0,,
MPT-30B (base),Language,"Code generation,Language generation",30000000000.0,1.89e+23,1050000000000.0,278.4,NVIDIA H100 SXM5 80GB,512.0,,,
Wu Dao Aquila-7B,Language,"Chat,Code generation",7000000000.0,,,,NVIDIA A100,,,,
Wu Dao Aquila-33B,Language,"Chat,Code generation",33000000000.0,,,,NVIDIA A100,,,,
MusicGen,Audio,Audio generation,3359000000.0,,,,,,,,
PolySphere-1,Language,"Chat,Language modelling/generation",14000000000.0,,,,,,1470000000000000.0,,
PaLM 2,Language,"Language modelling,Language modelling/generation",340000000000.0,7.34e+24,2700000000000.0,,Google TPU v4,,,,
CodeGen2,Language,Code generation,16000000000.0,,,,,,21400000000000.0,,
ruGPT-3.5 13B,Language,"Chat,Language modelling/generation",13000000000.0,1.07e+23,300000000000.0,1080.0,"NVIDIA Tesla V100 SMX2,NVIDIA A100",512.0,,,
Claude 1.3,Language,"Chat,Language modelling",,,,,,,,,
Anthropic LM 52B,Language,"Language modelling/generation,Question answering",52000000000.0,,,,,,,,
SenseNova,Language,Chat,,,,,,,47200000000000.0,,
BloombergGPT,Language,Language modelling,50558868480.0,2.36e+23,532000000000.0,1270.0,NVIDIA A100,512.0,48000000000000.0,60960000000000.0,52425600000000.0
LightOn Mini,Language,"Chat,Language modelling/generation",40000000000.0,2.4e+23,1000000000000.0,,,,,,
Firefly,Image generation,Image generation,,,,,,,,,
Gen-2,Video,Video generation,,,,,,,93400000000000.0,,
PanGu-Σ,Language,"Code generation,Language modelling,Question answering,Translation",1085000000000.0,4.67e+23,246750000000.0,2400.0,Huawei Ascend 910,512.0,4200000000000000.0,1.008e+16,8668800000000000.0
GPT-4,"Image generation,Language,Multimodal,Vision",Language modelling,,2.1e+25,4900000000000.0,2280.0,NVIDIA A100 SXM4 40 GB,25000.0,48000000000000.0,109440000000000.0,94118400000000.0
Falcon-40B,Language,Language modelling,40000000000.0,2.4e+23,1000000000000.0,1440.0,NVIDIA A100,384.0,,,
Claude,Language,"Chat,Language modelling",,,,,,,,,
Cohere Command,Language,Language modelling/generation,52000000000.0,,,,Google TPU v4,,,,
Jurassic-2 Jumbo,Language,"Language modelling,Translation",178000000000.0,,,,,,,,
CodeGen-Mono 16.1B,Language,"Code autocompletion,Code generation",16100000000.0,,568200000000.0,,Google TPU v4,,54600000000000.0,,
LLaMA-33B,Language,"Code generation,Language modelling",32500000000.0,2.73e+23,1340000000000.0,,,,110000000000000.0,,
LLaMA-65B,Language,"Code generation,Language modelling",65200000000.0,5.5e+23,1340000000000.0,500.0,NVIDIA A100,2048.0,,,
Anthropic LM 175B,Language,"Language modelling/generation,Question answering",175000000000.0,,,,,,80000000000000.0,,
ViT-22B,Vision,"Image classification,Object detection",21743000000.0,4e+23,4000000000.0,,Google TPU v4,,,,
Gen-1,Video,Video generation,,,,,,,22000000000000.0,,
Whisper v2,Speech,"Audio speech recognition,Speech recognition",1550000000.0,1.1e+23,9302400000.0,,,,,,
GPT-3.5 Turbo,Language,Language modelling/generation,20000000000.0,,,,,,516000000000000.0,,
GPT-3.5 (text-davinci-003),Language,Language modelling,,2.58e+24,,,NVIDIA A100 SXM4 40 GB,,64800000000000.0,,
Galactica,"Biology,Language","Language modelling,Question answering",120000000000.0,3.24e+23,106000000000.0,,NVIDIA A100 SXM4 80 GB,128.0,,,
Make-A-Video,Video,Video generation,,,,,,,33800000000000.0,,
PaLI,"Language,Multimodal,Vision","Language modelling/generation,Visual question answering",16900000000.0,1.69e+23,1600000000.0,240.0,Google TPU v4,1024.0,56000000000000.0,13440000000000.0,11558400000000.0
Luminous-supreme,Language,Language generation,70000000000.0,2.8e+23,1069300000000.0,2016.0,"NVIDIA A100 SXM4 40 GB,NVIDIA A100 SXM4 80 GB",512.0,71000000000000.0,143095901538240.0,123062475322886.0
GLM-130B,Language,"Language modelling/generation,Translation",130000000000.0,3.55e+23,400000000000.0,1440.0,NVIDIA A100 SXM4 40 GB,768.0,40900000000000.0,58859716608000.0,50619356282880.0
AlexaTM 20B,Language,"Language modelling,Question answering,Translation",19750000000.0,2.04e+23,1319000000000.0,2880.0,NVIDIA A100,128.0,,,
YuYan 11B,Language,Language modelling/generation,11000000000.0,,,,"NVIDIA A100 PCIe,NVIDIA GeForce RTX 2080 Ti",,73100000000000.0,,
BLOOM-176B,Language,"Code generation,Language modelling,Translation",176247271424.0,3.66e+23,379000000000.0,2808.0,NVIDIA A100 SXM4 80 GB,384.0,,,
CodeWhisperer,Language,Code generation,,,,,,,44000000000000.0,,
YaLM,Language,"Chat,Language modelling",100000000000.0,2.2e+23,300000000000.0,1560.0,NVIDIA A100,800.0,79300000000000.0,123642335737210.0,106332408734001.0
Parti,Image generation,Text-to-image,20000000000.0,3.96e+23,4800000000.0,,Google TPU v4,,22000000000000.0,,
OPT-66B,Language,"Chat,Language modelling,Language modelling/generation,Question answering",66000000000.0,1.1e+23,180000000000.0,,NVIDIA A100 SXM4 80 GB,,,,
MetaLM,"Language,Multimodal,Vision","Language modelling,Language modelling/generation,Visual question answering",,,,,,,,,
EGRU (PTB),Language,Language modelling,55000000.0,,,,,,110000000000000.0,,
BIG-G 137B,Language,Language modelling/generation,137000000000.0,5.6e+23,681000000000.0,,,,24000000000000.0,,
UL2,Language,Language modelling/generation,20000000000.0,1.2e+23,1000000000000.0,744.0,Google TPU v4,512.0,86000000000000.0,63984000000000.0,55026240000000.0
OPT-175B,Language,"Chat,Language modelling,Language modelling/generation,Question answering",175000000000.0,4.3e+23,180000000000.0,793.5,NVIDIA A100 SXM4 80 GB,1024.0,,,
CogView2,Image generation,Image generation,6000000000.0,,,,,,,,
VLM-4,Language,"Language modelling/generation,Text classification,Text summarization
,Translation",,,,,,,505000000000000.0,,
PaLM (540B),Language,"Code generation,Language modelling,Translation",540350000000.0,2.53e+24,585000000000.0,1536.0,Google TPU v4,6144.0,115000000000000.0,176947200000000.0,152174592000000.0
Chinchilla,Language,Language modelling,70000000000.0,5.76e+23,1050000000000.0,,"Google TPU v4,Google TPU v3",,58000000000000.0,,
ST-MoE,Language,Language modelling/generation,269000000000.0,2.9e+23,1500000000000.0,,,,,,
Midjourney V1,Image generation,Image generation,,,,,,,71000000000000.0,,
LaMDA,Language,Language modelling,137000000000.0,3.55e+23,1560000000000.0,1385.0,Google TPU v3,1024.0,31400000000000.0,43438032000028.0,37356707520024.0
AlphaCode,Language,Code generation,41100000000.0,1.57e+23,,,Google TPU v4,3750.0,208000000000000.0,,
ERNIE 3.0 Titan,Language,"Language modelling,Language modelling/generation",260000000000.0,1.04e+24,668000000000.0,,"Huawei Ascend 910,NVIDIA Tesla V100 DGXS 32 GB",1920.0,216000000000000.0,,
EXAONE 1.0,"Language,Multimodal,Vision","Language modelling/generation,Translation,Visual question answering",300000000000.0,1.08e+24,600250000000.0,,,,74800000000000.0,,
GLaM,Language,"Language modelling/generation,Question answering",1200000000000.0,3.74e+23,600000000000.0,1366.0,Google TPU v4,1024.0,126000000000000.0,172389200000000.0,148254712000000.0
Gopher (280B),Language,"Language modelling,Question answering",280000000000.0,6.31e+23,300000000000.0,920.0,Google TPU v3,4096.0,70800000000000.0,65099200000002.0,55985312000002.0
Yuan 1.0,Language,Language modelling,245730000000.0,3.54e+23,1000000000000.0,,,2128.0,234000000000000.0,,
Megatron-Turing NLG 530B,Language,Language modelling,530000000000.0,1.17e+24,270000000000.0,770.0,NVIDIA A100 SXM4 80 GB,4480.0,29500000000000.0,22730400000000.0,19548144000000.0
HyperCLOVA 82B,Language,"Chat,Language modelling/generation,Text classification,Translation",82000000000.0,1.48e+23,300000000000.0,643.2,NVIDIA A100,1024.0,,,
HyperCLOVA 204B,Language,Language modelling/generation,204000000000.0,,560000000000.0,,NVIDIA A100,,74000000000000.0,,
Jurassic-1-Jumbo,Language,"Chat,Language modelling/generation",178000000000.0,3.7e+23,225000000000.0,,,,27400000000000.0,,
GShard (dense),Language,Translation,2300000000.0,1.37e+23,346666666667.0,1008.0,Google TPU v3,1024.0,62800000000000.0,63302400000000.0,54440064000000.0
GPT-3 175B (davinci),Language,"Language modelling/generation,Text autocompletion",175000000000.0,3.14e+23,374000000000.0,355.2,NVIDIA Tesla V100 DGXS 32 GB,10000.0,22400000000000.0,7956480000000.0,6842572800000.0
Meena,Language,Text autocompletion,2600000000.0,1.12e+23,40000000000.0,720.0,Google TPU v3,1024.0,68200000000000.0,49104000000000.0,42229440000000.0
AlphaGo Zero,Games,Go,46400244.0,3.41e+23,5800000000.0,480.0,Google TPU v1,,40000000000000.0,19200000000000.0,16512000000000.0
AlphaGo Master,Games,Go,,2e+23,,72.0,Google TPU v1,,40000000000000.0,2880000000000.0,2476800000000.0
